PAPEL	SEGMENTO	COTAÇÃO	FFO YIELD	DIVIDEND YIELD	P/VP	VALOR DE MERCADO	LIQUIDEZ	QTD DE IMÓVEIS	PREÇO DO M2	ALUGUEL POR M2	CAP RATE	VACÂNCIA MÉDIA
AAZQ11	Títulos e Val. Mob.	7,52	14,29%	15,97%	0,87	180.760.000	432.683	0	0,00	0,00	0,00%	0,00%	""
ABCP11	Shoppings	84,53	8,25%	9,11%	0,79	398.059.000	105.122	1	5.595,59	567,85	10,15%	2,90%	""
AEFI11	Outros	174,90	8,55%	0,00%	1,75	411.893.000	0	0	0,00	0,00	0,00%	0,00%	""
AFCR11	""	103,15	12,61%	0,00%	1,07	498.867.000	0	0	0,00	0,00	0,00%	0,00%	""
AFHI11	Títulos e Val. Mob.	91,97	11,69%	12,56%	0,97	418.980.000	907.806	0	0,00	0,00	0,00%	0,00%	""
AFOF11	Títulos e Val. Mob.	91,60	0,82%	0,00%	12,28	1.390.540.000	0	0	0,00	0,00	0,00%	0,00%	""
AGCX11	Outros	1.235,50	0,53%	0,00%	11,57	19.291.500.000	0	82	63.941,30	468,90	0,73%	3,86%	""
AGRX11	Híbrido	7,97	21,22%	14,84%	0,77	142.688.000	155.937	0	0,00	0,00	0,00%	0,00%	""
AIEC11	Lajes Corporativas	46,00	17,70%	12,92%	0,59	221.949.000	291.937	2	8.941,15	2.375,61	26,57%	0,00%	""
AJFI11	Títulos e Val. Mob.	7,25	11,44%	11,04%	0,60	229.288.000	482.135	12	518,69	63,88	12,32%	3,30%	""
ALMI11	Lajes Corporativas	600,02	6,88%	7,25%	0,28	66.708.400	12.070	1	1.452,30	228,97	15,77%	91,90%	""
ALZC11	Títulos e Val. Mob.	7,66	5,73%	17,54%	0,82	153.585.000	337.527	0	0,00	0,00	0,00%	0,00%	""
ALZM11	Títulos e Val. Mob.	6,40	11,76%	7,89%	0,86	97.155.500	0	0	0,00	0,00	0,00%	0,00%	""
ALZR11	Híbrido	10,05	8,33%	9,49%	0,93	1.228.780.000	1.460.690	18	5.031,31	371,25	7,38%	0,00%	""
ALZT11	Títulos e Val. Mob.	33,00	15,52%	3,88%	0,79	16.500.000	0	0	0,00	0,00	0,00%	0,00%	""
ANCR11	Shoppings	339,01	2,90%	1,54%	3,08	9.063.450.000	1.195	7	28.229,20	1.056,88	3,74%	4,34%	""
APTO11	Híbrido	8,33	13,63%	13,99%	0,85	38.419.900	25.770	3	16.103,70	1.113,59	6,92%	0,00%	""
APXM11	Híbrido	88,58	4,45%	5,23%	0,72	250.605.000	659.702	1	1.389,48	156,83	11,29%	7,87%	""
ARCT11	Híbrido	87,13	-60,77%	0,00%	0,86	368.999.000	0	12	1.100,84	99,19	9,01%	0,00%	""
AROA11	Outros	1,04	7,08%	7,19%	1,09	174.644.000	7.472	6	1.333,12	105,21	7,89%	0,00%	""
ARRI11	Títulos e Val. Mob.	6,77	10,52%	15,90%	0,80	140.322.000	217.774	0	0,00	0,00	0,00%	0,00%	""
ARXD11	Títulos e Val. Mob.	7,38	13,83%	15,62%	0,80	66.502.400	71.247	0	0,00	0,00	0,00%	0,00%	""
ASMT11	""	4,10	6,27%	0,00%	0,41	70.113.800	518	3	4.554,15	766,71	16,84%	0,00%	""
ASRF11	Híbrido	10.888,00	-4,55%	0,00%	1,12	43.552.000	0	2	5.409,09	0,00	0,00%	0,00%	""
ATSA11	Shoppings	49,99	5,08%	2,95%	0,66	87.539.500	99	1	2.574,79	149,42	5,80%	16,77%	""
AURB11	Logística	72,80	1,38%	0,00%	0,93	65.411.800	350.921	2	1.974,19	133,19	6,75%	0,00%	""
AZPL11	""	7,59	8,23%	12,34%	0,78	138.211.000	472.019	1	600,29	29,12	4,85%	0,00%	""
BARI11	Títulos e Val. Mob.	79,20	12,95%	13,57%	0,87	367.028.000	768.153	3	0,00	0,00	0,00%	0,00%	""
BBFI11	Lajes Corporativas	349,00	94,30%	0,00%	0,50	45.370.000	47.557	1	863,54	1.202,30	139,23%	100,00%	""
BBFO11	Títulos e Val. Mob.	62,30	19,06%	13,11%	0,83	249.443.000	192.133	0	0,00	0,00	0,00%	0,00%	""
BBGO11	Títulos e Val. Mob.	65,45	9,55%	14,25%	0,70	262.138.000	213.212	0	0,00	0,00	0,00%	0,00%	""
BBIG11	Shoppings	6,99	13,13%	14,17%	0,74	692.856.000	1.041.130	1	14.460,00	328,09	2,27%	1,92%	""
BBPO11	Lajes Corporativas	96,75	10,42%	0,00%	0,95	1.540.230.000	0	61	3.690,03	479,56	13,00%	1,44%	""
BBRC11	Outros	97,64	13,33%	13,01%	0,93	155.248.000	86.624	21	9.051,68	1.456,97	16,10%	12,53%	""
BBVJ11	Lajes Corporativas	62,99	2,23%	0,00%	0,86	197.789.000	0	1	10.225,30	570,89	5,58%	43,70%	""
BCFF11	Títulos e Val. Mob.	7,35	8,06%	3,81%	0,84	1.480.960.000	0	0	0,00	0,00	0,00%	0,00%	""
BCIA11	Títulos e Val. Mob.	82,10	13,34%	12,35%	0,84	305.333.000	431.868	0	0,00	0,00	0,00%	0,00%	""
BCRI11	Títulos e Val. Mob.	64,16	14,11%	15,01%	0,75	401.505.000	441.855	0	0,00	0,00	0,00%	0,00%	""
BGRB11	Lajes Corporativas	100,01	3,27%	5,21%	1,08	165.079.000	20.517	1	42.124,30	1.051,14	2,50%	0,00%	""
BICE11	Títulos e Val. Mob.	899,00	7,09%	7,20%	0,85	119.939.000	9.910	0	0,00	0,00	0,00%	0,00%	""
BICR11	Títulos e Val. Mob.	35,92	14,26%	6,42%	0,86	17.960.000	0	0	0,00	0,00	0,00%	0,00%	""
BIME11	Híbrido	6,92	12,56%	15,19%	0,82	40.451.600	54.358	1	283,82	0,00	0,00%	0,00%	""
BIPD11	Títulos e Val. Mob.	1.000,00	-1,99%	4,69%	0,98	110.439.000	17.273	2	7.447,64	0,00	0,00%	0,00%	""
BLCA11	Lajes Corporativas	92,44	7,00%	6,51%	0,72	147.904.000	258.701	1	34.575,80	2.879,92	8,33%	0,00%	""
BLCP11	Logística	91,00	5,41%	0,00%	0,81	208.962.000	0	2	3.014,16	199,89	6,63%	0,00%	""
BLMC11	Títulos e Val. Mob.	85,75	11,10%	0,00%	0,91	34.257.100	0	0	0,00	0,00	0,00%	0,00%	""
BLMG11	Outros	32,88	13,28%	13,19%	0,46	153.699.000	379.442	2	57,30	40,71	71,05%	58,43%	""
BLMO11	Lajes Corporativas	85,00	6,44%	6,90%	0,81	84.559.200	41.746	1	10.161,30	857,76	8,44%	0,00%	""
BLMR11	Títulos e Val. Mob.	6,78	10,17%	0,00%	0,84	173.172.000	0	0	0,00	0,00	0,00%	0,00%	""
BLOG11	Títulos e Val. Mob.	10,10	2,66%	4,65%	0,90	311.047.000	33	6	2.451,78	112,80	4,60%	10,19%	""
BLUR11	Títulos e Val. Mob.	76,03	10,06%	6,85%	0,99	6.842.700	0	0	0,00	0,00	0,00%	0,00%	""
BMLC11	Híbrido	97,14	8,78%	8,65%	0,92	96.985.100	110.166	1	16.081,40	1.453,45	9,04%	2,14%	""
BNFS11	Outros	71,29	21,09%	18,46%	0,91	49.903.000	87.287	18	4.551,69	1.137,31	24,99%	0,44%	""
BPFF11	Outros	54,80	18,94%	13,71%	0,77	246.179.000	403.729	0	0,00	0,00	0,00%	0,00%	""
BPML11	Híbrido	78,90	12,49%	15,64%	0,63	587.154.000	826.526	4	4.558,12	720,50	15,81%	7,37%	""
BPRP11	Outros	107,50	10,56%	1,71%	0,86	145.107.000	0	1	6.230,68	692,07	11,11%	0,00%	""
BRCO11	Logística	107,50	7,66%	9,79%	0,91	1.709.800.000	3.264.110	12	3.382,85	306,12	9,05%	4,41%	""
BRCR11	Híbrido	41,15	11,92%	13,36%	0,48	1.096.160.000	1.144.820	6	9.900,35	1.541,49	15,57%	1,17%	""
BREV11	Híbrido	105,00	6,59%	0,00%	0,00	101.556.000	0	13	0,00	1.437,55	0,00%	0,00%	""
BRIM11	Residencial	513,50	-2,90%	15,33%	1,38	63.744.300	13.460	1	153.137,00	0,00	0,00%	0,00%	""
BRIP11	Híbrido	699,89	-3,98%	29,55%	1,02	150.809.000	10.554	0	0,00	0,00	0,00%	0,00%	""
BRLA11	Outros	148,00	7,73%	5,33%	0,89	724.795.000	0	10	1.083,60	86,30	7,96%	0,00%	""
BROF11	Híbrido	53,88	10,84%	11,68%	0,50	625.591.000	408.726	2	6.725,63	1.004,25	14,93%	5,24%	""
BTAL11	Outros	77,87	20,32%	13,01%	0,69	465.876.000	515.388	9	1.329,42	179,63	13,51%	0,00%	""
BTCI11	Títulos e Val. Mob.	9,02	12,23%	12,38%	0,89	897.681.000	1.930.370	0	0,00	0,00	0,00%	0,00%	""
BTCR11	Títulos e Val. Mob.	88,00	12,48%	0,00%	0,92	423.289.000	0	0	0,00	0,00	0,00%	0,00%	""
BTHF11	Híbrido	8,20	7,50%	10,16%	0,81	1.687.940.000	3.671.150	0	0,00	0,00	0,00%	0,00%	""
BTHI11	Hotel	42,50	9,60%	10,50%	0,62	391.787.000	27.640	14	6.938,34	756,20	10,90%	0,00%	""
BTLG11	Híbrido	98,60	8,82%	9,48%	0,95	4.264.370.000	6.409.280	27	3.302,68	215,59	6,53%	3,39%	""
BTML11	Híbrido	111,28	9,04%	9,94%	0,87	126.321.000	0	2	22.545,10	2.168,78	9,62%	9,70%	""
BTRA11	Outros	52,20	6,28%	8,45%	0,47	175.630.000	103.525	6	1,20	0,14	11,95%	24,97%	""
BTSG11	Logística	159,05	8,83%	7,42%	1,05	123.266.000	0	1	6.533,00	627,13	9,60%	0,00%	""
BTSI11	Híbrido	109,59	4,86%	8,30%	0,94	627.192.000	5	6	1.231,94	81,05	6,58%	0,00%	""
BTWR11	Lajes Corporativas	103,22	7,07%	7,08%	0,87	83.532.800	0	1	4.171,44	444,13	10,65%	8,00%	""
BTYU11	Híbrido	10,19	13,33%	15,39%	1,01	305.700.000	5.842	1	0,00	0,00	0,00%	0,00%	""
BVAR11	Outros	1.382,00	3,51%	4,98%	1,76	864.496.000	126	46	8.701,25	338,77	3,89%	22,21%	""
CACR11	""	87,99	16,56%	18,06%	0,92	425.548.000	1.799.330	0	0,00	0,00	0,00%	0,00%	""
CARE11	Híbrido	1,18	-9,52%	0,00%	0,17	42.208.500	8.012	1	0,00	0,00	0,00%	0,00%	""
CBOP11	Lajes Corporativas	22,58	3,11%	4,41%	0,34	31.950.700	19.097	1	1.955,92	313,70	16,04%	41,60%	""
CCME11	""	8,74	10,61%	11,08%	0,84	592.546.000	266.227	2	4.902,13	462,45	9,43%	36,74%	""
CCRF11	Títulos e Val. Mob.	92,50	7,16%	0,00%	0,95	145.401.000	0	0	0,00	0,00	0,00%	0,00%	""
CCVA11	Híbrido	100,07	6,23%	5,52%	1,02	61.793.200	0	1	2.099.290,00	163.719,17	7,80%	2,60%	""
CEOC11	Lajes Corporativas	42,10	13,01%	12,94%	0,58	76.440.800	27.401	1	4.859,66	748,47	15,40%	0,00%	""
CFHI11	Outros	320,00	4,99%	13,02%	0,93	30.272.000	67	8	3.986,01	0,00	0,00%	0,00%	""
CFII11	Híbrido	650,00	6,29%	17,32%	0,66	82.107.400	59	8	12.423,10	614,38	4,95%	0,00%	""
CJCT11	Lajes Corporativas	60,10	2,35%	3,22%	0,82	188.714.000	20.465	1	9.825,83	575,80	5,86%	36,40%	""
CLIN11	Títulos e Val. Mob.	89,46	12,43%	13,62%	0,91	388.861.000	1.022.290	0	0,00	0,00	0,00%	0,00%	""
CNES11	Lajes Corporativas	1,20	7,37%	6,61%	0,16	40.961.800	379.644	1	126,91	35,93	28,31%	59,40%	""
COPP11	Híbrido	103,00	4,99%	0,00%	0,94	290.462.000	0	3	5,42	0,25	4,63%	18,00%	""
CORM11	""	81,00	4,57%	0,00%	0,85	87.581.800	0	3	7.193,96	755,12	10,50%	0,00%	""
CPFF11	Títulos e Val. Mob.	69,90	18,07%	5,07%	1,12	75.470.800	0	0	0,00	0,00	0,00%	0,00%	""
CPLG11	Logística	11,75	0,31%	6,75%	1,22	403.556.000	11.782.800	1	571,96	2,89	0,51%	0,00%	""
CPOF11	Híbrido	108,50	3,40%	8,00%	0,99	517.806.000	587.997	7	3,97	0,28	6,93%	99,97%	""
CPSH11	Shoppings	9,45	5,97%	12,77%	0,81	753.163.000	2.740.660	7	1.015,48	76,49	7,53%	0,00%	""
CPTR11	Títulos e Val. Mob.	7,63	35,11%	9,98%	0,77	151.262.000	269.126	0	0,00	0,00	0,00%	0,00%	""
CPTS11	Títulos e Val. Mob.	7,28	8,28%	12,80%	0,82	2.391.900.000	5.516.080	0	0,00	0,00	0,00%	0,00%	""
CPUR11	Híbrido	10,74	6,83%	9,48%	1,12	669.866.000	7.578.490	11	8.932,98	413,36	4,63%	0,51%	""
CRAA11	Títulos e Val. Mob.	94,56	8,54%	13,16%	0,93	224.092.000	711.164	0	0,00	0,00	0,00%	0,00%	""
CRFF11	Títulos e Val. Mob.	69,49	10,72%	11,41%	0,85	47.950.900	8.919	0	0,00	0,00	0,00%	0,00%	""
CTXT11	Lajes Corporativas	5,52	-19,91%	0,00%	0,26	25.721.000	939	1	548,81	1,71	0,31%	100,00%	""
CVBI11	Títulos e Val. Mob.	86,22	13,34%	13,47%	0,94	949.302.000	2.099.930	0	0,00	0,00	0,00%	0,00%	""
CXAG11	Outros	73,99	11,95%	12,78%	0,64	154.685.000	144.068	32	2.653,28	356,57	13,44%	0,00%	""
CXCE11	Lajes Corporativas	40,40	13,42%	12,86%	0,64	69.203.200	20.540	1	3.256,99	482,51	14,81%	0,00%	""
CXCI11	Títulos e Val. Mob.	64,12	14,54%	14,10%	0,75	131.941.000	324.143	0	0,00	0,00	0,00%	0,00%	""
CXCO11	Lajes Corporativas	54,88	15,05%	14,64%	0,57	215.377.000	154.255	10	2.312,00	408,26	17,66%	0,00%	""
CXRI11	Títulos e Val. Mob.	60,50	11,78%	12,65%	0,74	95.333.500	17.324	0	0,00	0,00	0,00%	0,00%	""
CXTL11	Logística	225,42	11,25%	8,95%	0,57	12.081.800	2.851	1	1.800,76	349,64	19,42%	0,00%	""
DAMA11	Títulos e Val. Mob.	6,99	11,38%	13,13%	0,83	38.703.800	20.902	0	0,00	0,00	0,00%	0,00%	""
DAMT11	Shoppings	14,55	0,74%	2,68%	0,98	258.695.000	103	2	2.265.720,00	241.259,85	10,65%	9,48%	""
DAYM11	""	4,64	5,54%	0,64%	0,47	79.348.400	8.954	3	5.153,96	766,71	14,88%	0,00%	""
DCRA11	Títulos e Val. Mob.	7,14	19,85%	15,99%	0,74	48.115.800	70.163	0	0,00	0,00	0,00%	0,00%	""
DEVA11	Títulos e Val. Mob.	29,80	17,87%	17,13%	0,31	418.538.000	651.912	0	0,00	0,00	0,00%	0,00%	""
DMAC11	Residencial	13,00	-758,50%	0,00%	2,61	2.029.400	0	0	0,00	0,00	0,00%	0,00%	""
DOMC11	Híbrido	439,00	0,78%	0,00%	4,13	1.072.830.000	0	2	25.593,60	364,83	1,43%	13,30%	""
DOVL11	Lajes Corporativas	650,35	13,17%	11,01%	0,99	43.187.100	0	2	2.466,69	574,92	23,31%	36,00%	""
DPRO11	Híbrido	6,09	11,17%	11,06%	0,67	30.469.600	604	1	1.849,68	250,45	13,54%	0,00%	""
DRIT11	Lajes Corporativas	8,68	69,70%	6,81%	0,06	4.021.240	304	5	400,14	474,83	118,67%	0,00%	""
DVFF11	Títulos e Val. Mob.	6,00	10,53%	13,35%	0,71	66.057.000	137.030	0	0,00	0,00	0,00%	0,00%	""
EDFO11	Lajes Corporativas	130,47	14,20%	11,78%	0,62	30.790.900	2.950	1	86.626,00	14.616,69	16,87%	100,05%	""
EDGA11	Lajes Corporativas	15,00	1,65%	5,53%	0,32	57.180.800	24.883	1	2.292,94	294,94	12,86%	23,55%	""
EGAF11	Títulos e Val. Mob.	92,52	13,68%	16,27%	0,93	289.765.000	594.235	0	0,00	0,00	0,00%	0,00%	""
EIRA11	Híbrido	104,33	0,32%	3,17%	0,97	20.866.000	15.817	0	0,00	0,00	0,00%	0,00%	""
ELDO11B	Shoppings	1.104,31	10,62%	4,17%	0,66	869.375.000	0	1	11.455,40	1.428,75	12,47%	0,36%	""
EQIN11	Títulos e Val. Mob.	7,29	14,82%	8,49%	0,82	122.098.000	0	0	0,00	0,00	0,00%	0,00%	""
EQIR11	Títulos e Val. Mob.	7,83	12,72%	14,82%	0,82	85.419.900	178.353	0	0,00	0,00	0,00%	0,00%	""
ERCR11	Híbrido	76.000,00	0,01%	0,00%	4,19	180.576.000	0	0	0,00	0,00	0,00%	0,00%	""
ERPA11	Lajes Corporativas	126,97	5,77%	8,30%	0,80	63.602.100	15.950	1	18.811,20	1.255,52	6,67%	0,00%	""
EURO11	Logística	231,00	10,29%	9,90%	0,70	88.689.200	31.531	7	747,40	85,04	11,38%	0,00%	""
EVBI11	Híbrido	9,50	4,93%	5,59%	0,97	546.231.000	0	11	6.565,94	343,08	5,23%	0,49%	""
EXES11	Títulos e Val. Mob.	9,40	12,65%	15,11%	0,97	66.791.200	27.679	0	0,00	0,00	0,00%	0,00%	""
FAED11	Outros	142,95	13,61%	13,48%	0,64	98.975.300	61.110	4	2.149,55	309,55	14,40%	0,00%	""
FAMB11	Lajes Corporativas	728,38	173,10%	52,66%	0,40	89.254.200	14.250	1	1.486,81	59,62	4,01%	98,02%	""
FATN11	Híbrido	81,95	8,81%	8,69%	0,83	377.934.000	1.706.940	56	24.796,20	2.055,68	8,29%	4,54%	""
FCFL11	Outros	125,25	8,30%	8,25%	1,02	435.120.000	356.039	1	13.954,40	1.206,77	8,65%	0,00%	""
FEXC11	Títulos e Val. Mob.	83,50	1,31%	0,00%	8,44	8.310.020.000	0	0	0,00	0,00	0,00%	0,00%	""
FFCI11	Lajes Corporativas	182,03	3,63%	0,00%	0,90	671.817.000	0	9	17.089,90	1.216,83	7,12%	6,49%	""
FGAA11	Híbrido	8,48	15,43%	19,01%	0,90	382.291.000	1.067.990	0	0,00	0,00	0,00%	0,00%	""
FIGS11	Shoppings	46,52	11,45%	11,36%	0,61	132.582.000	176.337	2	2.044,88	247,36	12,10%	7,01%	""
FIIB11	Híbrido	503,48	8,81%	9,73%	1,06	344.884.000	168.400	11	623,46	61,51	9,87%	0,00%	""
FIIP11	Híbrido	147,58	11,78%	11,33%	0,74	136.831.000	446.532	7	1.958,46	266,62	13,61%	0,00%	""
FISC11	Lajes Corporativas	61,05	8,56%	9,56%	0,53	103.785.000	3.667	4	8.236,32	900,19	10,93%	0,00%	""
FISD11	Títulos e Val. Mob.	203,32	-21,06%	0,00%	3,41	218.079.000	0	1	0,00	0,00	0,00%	0,00%	""
FIXX11	Títulos e Val. Mob.	97,90	6,60%	0,00%	1,61	367.048.000	56.847	0	0,00	0,00	0,00%	0,00%	""
FLCR11	Títulos e Val. Mob.	96,52	15,03%	14,57%	1,04	72.568.000	64.466	0	0,00	0,00	0,00%	0,00%	""
FLFL11	Híbrido	100,00	4,46%	0,00%	0,72	345.426.000	0	1	31.030,10	2.532,49	8,16%	10,00%	""
FLMA11	Híbrido	132,16	9,90%	9,51%	0,60	182.469.000	124.603	2	15.761,80	1.930,98	12,25%	0,00%	""
FLRP11	Shoppings	20,53	8,27%	8,60%	1,01	151.922.000	20.064	1	2.944,79	266,49	9,05%	1,21%	""
FMOF11	Lajes Corporativas	75,00	4,44%	4,82%	0,65	38.100.600	2.969	2	2.257,38	181,14	8,02%	0,00%	""
FPAB11	Lajes Corporativas	213,37	6,36%	7,06%	0,60	160.028.000	647.645	2	4.371,61	386,54	8,84%	19,00%	""
FPNG11	Lajes Corporativas	394,00	1,18%	1,21%	1,86	1.056.500.000	993	8	115.243,00	1.604,83	1,39%	1,92%	""
FRBR11	Títulos e Val. Mob.	103,71	9,23%	0,00%	1,08	1.324.330.000	0	0	0,00	0,00	0,00%	0,00%	""
FTCA11	Títulos e Val. Mob.	8,26	19,20%	15,66%	0,78	36.839.200	64.172	0	0,00	0,00	0,00%	0,00%	""
FTCE11	Híbrido	2.841,75	-0,30%	3,76%	1,00	3.606.230.000	25.834	79	2.053,40	47,75	2,33%	0,01%	""
FVBI11	Lajes Corporativas	159,71	0,00%	0,00%	0,00	0	0	1	0,00	636,95	0,00%	0,00%	""
FVPQ11	Shoppings	72,50	8,70%	8,63%	0,42	203.011.000	85.678	1	3.535,77	787,57	22,27%	12,40%	""
FYTO11	Títulos e Val. Mob.	7,98	14,84%	6,39%	0,82	121.945.000	215.469	0	0,00	0,00	0,00%	0,00%	""
FZDA11	Outros	118,50	0,74%	3,35%	0,65	183.675.000	449	6	2,10	0,03	1,62%	0,00%	""
FZDB11	Outros	131,14	2,98%	3,11%	0,73	472.104.000	0	20	3,37	0,12	3,67%	0,00%	""
GALG11	Híbrido	9,08	7,99%	0,00%	0,98	1.338.920.000	0	4	327,63	27,64	8,44%	0,00%	""
GAME11	""	8,48	27,08%	12,94%	0,90	183.996.000	97.136	0	0,00	0,00	0,00%	0,00%	""
GARE11	Híbrido	9,09	7,80%	11,25%	1,01	1.340.400.000	5.714.730	4	202,47	22,24	10,98%	0,00%	""
GCFF11	Títulos e Val. Mob.	69,30	12,04%	0,00%	0,89	24.981.100	0	0	0,00	0,00	0,00%	0,00%	""
GCOI11	Híbrido	98,90	-3,35%	0,00%	1,02	11.175.700	3.286	5	6.045,18	0,00	0,00%	0,00%	""
GCRA11	Títulos e Val. Mob.	50,00	14,53%	15,07%	0,58	87.543.200	88.209	0	0,00	0,00	0,00%	0,00%	""
GCRI11	Títulos e Val. Mob.	63,06	14,78%	16,25%	0,70	91.680.400	183.959	1	1.099,34	0,00	0,00%	0,00%	""
GESE11B	Outros	1.520,00	11,39%	0,00%	1,36	79.040.000	0	1	0,00	725,37	0,00%	0,00%	""
GFDL11	Logística	105,32	0,00%	0,15%	1,12	15.956.000	5.515	0	0,00	0,00	0,00%	0,00%	""
GGRC11	Logística	9,62	8,53%	12,20%	0,86	1.466.620.000	4.125.580	26	1.965,98	185,69	9,45%	0,00%	""
GLCR11	Híbrido	99,86	0,00%	2,34%	0,99	35.960.600	4.636	0	0,00	0,00	0,00%	0,00%	""
GLOG11	Logística	64,42	14,25%	8,27%	0,59	48.315.000	42.959	1	672,56	126,12	18,75%	0,00%	""
GLPF11	Logística	104,66	1,44%	5,02%	0,99	157.513.000	73.838	0	0,00	0,00	0,00%	0,00%	""
GRLV11	Logística	145,50	5,72%	0,00%	24,38	156.199.000	0	1	0,00	183,00	0,00%	3,69%	""
GRUL11	""	7,98	11,19%	13,71%	0,83	197.106.000	345.320	1	42.753,30	3.804,92	8,90%	0,00%	""
GRWA11	""	7,88	11,03%	13,24%	0,78	21.736.900	6.611	0	0,00	0,00	0,00%	0,00%	""
GSFI11	Shoppings	8,64	0,00%	0,00%	0,66	830.362.000	7.165.150	0	0,00	0,00	0,00%	0,00%	""
GTLG11	Logística	63,99	13,75%	0,00%	0,70	459.000.000	0	5	2.714,27	318,12	11,72%	1,69%	""
GTWR11	Lajes Corporativas	75,11	13,38%	13,09%	0,75	901.320.000	806.068	3	5.413,29	772,47	14,27%	0,00%	""
GURB11	Híbrido	108,00	10,46%	0,00%	0,94	122.597.000	0	2	21.746,70	2.369,56	10,90%	9,70%	""
GWIR11	Shoppings	175,99	2,80%	0,00%	0,74	67.231.200	0	0	0,00	0,00	4,21%	0,00%	""
GZIT11	Híbrido	43,36	10,86%	21,20%	0,48	947.036.000	463.319	6	7.823,22	1.079,24	13,80%	2,36%	""
HAAA11	Lajes Corporativas	50,01	3,68%	3,22%	0,75	172.785.000	6.909	2	13.945,20	1.046,84	7,51%	9,65%	""
HABT11	Títulos e Val. Mob.	79,81	13,76%	17,01%	0,85	648.599.000	818.286	0	0,00	0,00	0,00%	0,00%	""
HBCR11	Lajes Corporativas	138,00	7,28%	11,42%	1,11	220.800.000	411.256	2	2.569,55	423,86	16,50%	0,00%	""
HBRH11	Híbrido	90,80	4,63%	0,00%	0,81	256.345.000	0	5	8.349,82	606,90	7,27%	2,83%	""
HBTT11	Títulos e Val. Mob.	1.055,00	6,53%	0,00%	1,19	190.126.000	0	0	0,00	0,00	0,00%	0,00%	""
HCHG11	Outros	77,40	7,58%	12,97%	0,82	92.880.000	116.100	0	0,00	0,00	0,00%	0,00%	""
HCRI11	Hospital	266,00	11,75%	11,85%	0,82	53.200.000	33.299	1	9.556,49	1.217,22	12,74%	0,00%	""
HCTR11	Títulos e Val. Mob.	22,65	19,95%	19,12%	0,22	500.207.000	828.358	0	0,00	0,00	0,00%	0,00%	""
HDEL11	Logística	100,01	24,19%	37,35%	0,96	84.008.400	0	1	2.938,62	275,71	9,38%	0,00%	""
HFOF11	Títulos e Val. Mob.	5,81	11,04%	11,67%	0,79	1.338.970.000	1.637.760	0	0,00	0,00	0,00%	0,00%	""
HGAG11	Outros	13,40	7,49%	18,40%	0,57	3.326.580	1.446	0	0,00	0,00	0,00%	0,00%	""
HGBL11	Logística	8,52	8,82%	14,08%	0,89	214.154.000	47.086	1	1.532,47	232,49	15,17%	0,00%	""
HGBS11	Shoppings	18,70	8,25%	10,13%	0,87	2.414.790.000	2.277.830	16	4.226,99	411,11	9,73%	4,96%	""
HGCR11	Títulos e Val. Mob.	91,96	12,82%	13,01%	0,94	1.417.850.000	3.806.130	0	0,00	0,00	0,00%	0,00%	""
HGFF11	Títulos e Val. Mob.	64,25	13,77%	13,70%	0,79	183.986.000	534.453	0	0,00	0,00	0,00%	0,00%	""
HGIC11	Títulos e Val. Mob.	67,00	6,18%	15,47%	0,60	31.001.300	17.816	2	1.338,19	0,00	0,00%	0,00%	""
HGJH11	Lajes Corporativas	191,29	9,55%	0,00%	0,55	335.342.000	0	2	26.273,60	2.781,84	10,59%	3,42%	""
HGLG11	Logística	151,75	7,68%	8,63%	0,93	5.127.260.000	6.170.080	27	3.108,95	258,13	8,30%	4,60%	""
HGPO11	Lajes Corporativas	135,77	4,45%	17,82%	0,97	238.013.000	1.288.560	0	0,00	0,00	0,00%	0,00%	""
HGRE11	Lajes Corporativas	107,71	7,16%	10,60%	0,69	1.272.890.000	1.554.790	13	6.868,73	737,52	10,74%	23,67%	""
HGRU11	Híbrido	122,25	8,70%	10,04%	0,96	2.840.850.000	3.210.320	104	4.334,80	340,59	7,86%	0,82%	""
HILG11	Outros	186,81	9,59%	9,02%	0,91	98.309.500	13	1	2.981,09	353,44	11,86%	0,00%	""
HLOG11	Logística	8,19	5,75%	8,00%	0,74	348.075.000	57.812	4	1.706,57	179,37	10,51%	2,96%	""
HMOC11	Shoppings	226,95	2,17%	0,00%	0,95	86.698.800	0	0	0,00	0,00	3,27%	0,00%	""
HOFC11	Lajes Corporativas	27,60	0,29%	0,00%	0,42	104.300.000	822.854	3	2.280,12	404,85	17,76%	49,80%	""
HOSI11	Híbrido	82,60	8,40%	9,11%	0,91	47.367.000	3.574	2	0,00	0,00	0,00%	0,00%	""
HPDP11	Shoppings	89,00	7,52%	7,37%	0,96	292.632.000	578.251	1	2.164,22	170,27	7,87%	16,81%	""
HRDF11	Híbrido	3,00	-0,46%	0,00%	0,43	4.552.280	23	0	0,00	0,00	0,00%	0,00%	""
HREC11	Títulos e Val. Mob.	8,15	11,56%	12,44%	0,93	421.240.000	253.112	0	0,00	0,00	0,00%	0,00%	""
HRES11	Híbrido	149,25	14,91%	9,20%	1,16	69.885.100	0	0	0,00	0,00	0,00%	0,00%	""
HSAF11	Títulos e Val. Mob.	76,75	14,46%	14,21%	0,87	193.898.000	363.959	0	0,00	0,00	0,00%	0,00%	""
HSLG11	Logística	78,40	11,36%	10,44%	0,71	992.549.000	444.084	6	2.415,59	277,27	11,48%	0,00%	""
HSML11	Shoppings	79,94	8,66%	10,61%	0,76	1.663.440.000	2.511.980	13	6.865,54	811,26	11,82%	3,11%	""
HSRE11	Híbrido	101,50	6,50%	10,78%	1,13	903.220.000	1.190.540	24	6.938,20	616,05	8,88%	0,00%	""
HTMX11	Hotel	140,27	4,43%	15,06%	0,97	405.113.000	720.254	22	8.470,45	451,42	5,33%	0,00%	""
HUCG11	Hospital	101,50	-0,58%	0,52%	0,99	113.883.000	340	2	3.997,05	0,00	0,00%	0,00%	""
HUSC11	Outros	94,91	11,72%	11,06%	0,64	80.751.400	3.694	1	1.086,64	154,89	14,25%	0,00%	""
HUSI11	Hospital	1.241,00	8,30%	8,20%	1,00	144.405.000	56	1	7.057,66	632,98	8,97%	0,00%	""
HYPI11	Híbrido	181,50	-0,44%	0,53%	1,45	237.094.000	91	1	111.450,00	279,41	0,25%	0,00%	""
IAAG11	Títulos e Val. Mob.	7,73	12,49%	15,32%	0,79	80.810.800	129.191	0	0,00	0,00	0,00%	0,00%	""
IAGR11	Outros	3,81	0,19%	1,99%	0,61	10.660.200	12.333	0	0,00	0,00	0,00%	0,00%	""
IBBP11	Outros	8,00	9,19%	7,04%	0,89	244.231.000	7.862	24	735,75	85,92	11,68%	0,21%	""
IBCR11	Títulos e Val. Mob.	54,94	11,31%	18,19%	0,61	52.655.800	134.456	0	0,00	0,00	0,00%	0,00%	""
IBFF11	Títulos e Val. Mob.	66,40	8,28%	0,00%	0,93	44.267.600	0	0	0,00	0,00	0,00%	0,00%	""
ICRI11	Títulos e Val. Mob.	91,93	11,51%	14,76%	0,92	354.607.000	570.659	0	0,00	0,00	0,00%	0,00%	""
IDFI11	Títulos e Val. Mob.	2,00	16,41%	196,88%	0,46	4.115.850	0	2	0,00	0,00	0,00%	0,00%	""
IDGR11	Híbrido	1,50	-15,05%	131,48%	0,00	1.325.040	0	0	0,00	0,00	0,00%	0,00%	""
IFID11	Títulos e Val. Mob.	80,06	7,66%	0,00%	1,25	59.897.000	0	0	0,00	0,00	0,00%	0,00%	""
IFIE11	Títulos e Val. Mob.	71,98	12,86%	0,00%	1,04	64.817.600	0	0	0,00	0,00	0,00%	0,00%	""
INLG11	Logística	73,39	12,72%	12,45%	0,73	331.143.000	166.236	5	2.757,91	375,13	13,60%	0,84%	""
INRD11	Residencial	70,66	12,75%	10,25%	0,60	79.895.700	21.587	5	3.039,48	543,05	17,87%	1,18%	""
IRDM11	Títulos e Val. Mob.	63,05	15,38%	14,80%	0,76	2.297.150.000	4.387.070	0	0,00	0,00	0,00%	0,00%	""
IRIM11	Híbrido	67,40	15,18%	14,70%	0,78	129.408.000	52.890	1	2.606,90	0,00	0,00%	0,00%	""
ISCJ11	Títulos e Val. Mob.	81,00	11,58%	31,33%	0,36	15.199.600	169	0	0,00	0,00	0,00%	0,00%	""
ITIP11	Títulos e Val. Mob.	64,25	6,05%	13,27%	0,92	48.068.700	51.574	0	0,00	0,00	0,00%	0,00%	""
ITIT11	Títulos e Val. Mob.	67,88	13,60%	10,73%	0,89	61.125.500	78.768	0	0,00	0,00	0,00%	0,00%	""
ITRI11	Híbrido	76,50	12,10%	12,49%	0,80	478.125.000	795.410	0	0,00	0,00	0,00%	0,00%	""
JASC11	Híbrido	98,50	7,51%	7,64%	0,87	343.700.000	561	16	3.358,09	313,77	9,34%	1,30%	""
JBFO11	Títulos e Val. Mob.	82,01	9,02%	0,00%	1,04	104.897.000	0	0	0,00	0,00	0,00%	0,00%	""
JCCJ11	Títulos e Val. Mob.	161,00	3,42%	3,21%	0,85	268.629.000	2.966.790	0	0,00	0,00	0,00%	0,00%	""
JCIN11	Títulos e Val. Mob.	150,00	4,78%	4,68%	0,95	197.658.000	3.355.180	0	0,00	0,00	0,00%	0,00%	""
JFLL11	Residencial	67,40	14,72%	9,60%	0,63	101.140.000	26.925	2	6.815,93	1.227,22	18,01%	9,00%	""
JGPX11	""	71,50	17,10%	11,75%	0,74	153.099.000	293.149	0	0,00	0,00	0,00%	0,00%	""
JPPA11	Híbrido	78,09	16,02%	16,39%	0,80	70.597.300	129.902	0	0,00	0,00	0,00%	0,00%	""
JPPC11	Híbrido	129,99	-2,74%	5,52%	0,84	7.149.450	11.820	0	0,00	0,00	0,00%	0,00%	""
JRDM11	Shoppings	85,90	7,97%	0,00%	0,96	216.723.000	0	1	7.394,68	671,49	9,08%	1,19%	""
JSAF11	Títulos e Val. Mob.	7,30	13,19%	14,77%	0,81	565.920.000	1.614.620	0	0,00	0,00	0,00%	0,00%	""
JSCR11	Títulos e Val. Mob.	8,09	9,71%	13,74%	0,86	179.089.000	395.170	0	0,00	0,00	0,00%	0,00%	""
JSRE11	Híbrido	62,64	9,68%	9,12%	0,61	1.300.870.000	1.561.180	6	11.128,00	1.137,81	10,22%	2,98%	""
KCRE11	Títulos e Val. Mob.	8,48	13,63%	13,97%	0,89	305.280.000	372.605	0	0,00	0,00	0,00%	0,00%	""
KDOL11	Títulos e Val. Mob.	93,67	-0,41%	5,07%	0,93	62.850.900	142.552	0	0,00	0,00	0,00%	0,00%	""
KEVE11	Residencial	850,00	14,01%	23,76%	1,48	125.546.000	18.647	1	0,00	0,00	0,00%	0,00%	""
KFEN11	Outros	1.100,00	3,38%	7,02%	1,15	196.516.000	0	0	0,00	0,00	0,00%	0,00%	""
KFOF11	Títulos e Val. Mob.	75,26	12,78%	11,84%	0,85	527.916.000	939.661	0	0,00	0,00	0,00%	0,00%	""
KINP11	Residencial	9,82	0,00%	0,00%	0,00	0	0	1	0,00	0,00	0,00%	0,00%	""
KISU11	Títulos e Val. Mob.	6,74	12,33%	12,16%	0,83	297.881.000	484.518	0	0,00	0,00	0,00%	0,00%	""
KIVO11	Títulos e Val. Mob.	64,76	18,20%	17,29%	0,76	143.944.000	394.378	0	0,00	0,00	0,00%	0,00%	""
KNCA11	Títulos e Val. Mob.	91,22	12,13%	12,64%	0,89	1.970.340.000	2.629.630	0	0,00	0,00	0,00%	0,00%	""
KNCR11	Títulos e Val. Mob.	103,29	9,08%	12,40%	1,01	7.902.690.000	11.559.300	0	0,00	0,00	0,00%	0,00%	""
KNHF11	Híbrido	90,69	11,93%	12,16%	0,91	1.783.260.000	3.784.020	3	19.880,00	1.155,25	5,81%	1,66%	""
KNHY11	Títulos e Val. Mob.	100,50	11,54%	13,82%	1,01	2.831.040.000	3.151.200	0	0,00	0,00	0,00%	0,00%	""
KNIP11	Títulos e Val. Mob.	86,30	13,06%	12,55%	0,94	6.910.750.000	6.115.010	0	0,00	0,00	0,00%	0,00%	""
KNRE11	Residencial	0,25	-0,53%	1,78%	0,37	4.636.790	2.270	0	0,00	0,00	0,00%	0,00%	""
KNRI11	Híbrido	139,30	8,27%	8,55%	0,85	3.928.820.000	5.095.360	20	4.863,27	383,27	7,88%	0,11%	""
KNSC11	Títulos e Val. Mob.	8,49	8,64%	13,04%	0,96	1.716.700.000	4.297.360	0	0,00	0,00	0,00%	0,00%	""
KNUQ11	Títulos e Val. Mob.	103,98	10,32%	13,66%	1,03	1.592.200.000	2.627.590	0	0,00	0,00	0,00%	0,00%	""
KOPA11	Títulos e Val. Mob.	900,00	13,16%	20,57%	0,91	319.209.000	352.434	0	0,00	0,00	0,00%	0,00%	""
KORE11	Títulos e Val. Mob.	69,49	21,52%	21,23%	0,66	668.841.000	2.669.060	4	10.880,20	1.746,87	16,06%	2,34%	""
LAFI11	Híbrido	116,58	5,95%	11,34%	1,03	89.916.600	294.335	2	10,84	0,70	6,50%	0,00%	""
LASC11	Shoppings	96,18	9,68%	18,24%	0,71	282.798.000	858.254	2	14.461,60	1.439,92	9,96%	2,40%	""
LATR11B	Residencial	9,51	-16,36%	0,00%	0,90	1.180.230	0	0	0,00	0,00	0,00%	0,00%	""
LFTT11	Outros	6,60	-10,66%	0,00%	0,48	21.549.000	43.525	51	42,68	0,00	0,00%	99,33%	""
LGCP11	Logística	82,95	11,25%	5,21%	0,82	374.279.000	0	5	3.097,83	375,13	12,11%	0,84%	""
LIFE11	Outros	8,59	12,17%	17,43%	0,86	325.572.000	721.283	0	0,00	0,00	0,00%	0,00%	""
LLAO11	Híbrido	57,20	-8,83%	0,00%	1,10	20.657.200	0	13	5.696,17	0,00	0,00%	0,00%	""
LOFT11B	Outros	29,90	-1,60%	0,00%	29,35	58.678.800	0	2	133,19	0,16	0,12%	100,00%	""
LPLP11	Residencial	560,00	11,46%	27,44%	1,68	325.086.000	108	0	0,00	0,00	0,00%	0,00%	""
LRDI11	Híbrido	80,54	-0,44%	0,00%	0,97	29.819.500	2	0	0,00	0,00	0,00%	0,00%	""
LSAG11	Títulos e Val. Mob.	74,50	16,50%	12,30%	0,76	75.195.400	56.009	0	0,00	0,00	0,00%	0,00%	""
LSPA11	Outros	24,01	175,20%	34,24%	1,15	9.712.040	0	0	0,00	0,00	0,00%	0,00%	""
LTMT11	Residencial	94,53	5,25%	8,08%	1,00	11.812.500	1.220	0	0,00	0,00	0,00%	0,00%	""
LUGG11	Residencial	72,82	11,94%	4,76%	0,62	82.338.000	0	5	3.133,26	529,29	16,89%	3,31%	""
LVBI11	Logística	103,46	9,26%	9,23%	0,88	1.667.630.000	2.723.410	10	2.954,46	304,89	10,32%	7,93%	""
MALL11	Híbrido	100,03	14,22%	8,91%	0,83	1.398.630.000	1.520.130	11	4.650,86	755,88	16,25%	3,64%	""
MANA11	""	8,66	8,36%	14,47%	0,93	325.063.000	1.230.970	0	0,00	0,00	0,00%	0,00%	""
MATV11	Títulos e Val. Mob.	86,63	11,42%	0,00%	0,92	36.901.600	0	0	0,00	0,00	0,00%	0,00%	""
MAXR11	Híbrido	63,99	7,96%	27,74%	0,62	72.030.700	64.726	7	1.105,77	118,41	10,71%	24,55%	""
MBRF11	Outros	679,00	4,63%	0,00%	0,98	69.029.900	0	2	3.833,27	140,42	3,66%	81,98%	""
MCCI11	Títulos e Val. Mob.	86,61	11,05%	11,65%	0,92	1.468.910.000	3.194.330	0	0,00	0,00	0,00%	0,00%	""
MCEM11	Outros	65,59	-0,31%	2,18%	1,97	194.138.000	221.481	0	0,00	0,00	0,00%	0,00%	""
MCHF11	Títulos e Val. Mob.	9,05	11,76%	0,00%	0,87	292.806.000	0	3	0,00	0,00	0,00%	0,00%	""
MCHY11	Títulos e Val. Mob.	8,58	11,16%	9,79%	0,86	957.519.000	0	1	1.583,25	53,06	3,35%	35,85%	""
MCLO11	Híbrido	10,75	2,04%	5,91%	0,78	1.339.910.000	1.338.750	4	1.364,77	30,46	2,23%	0,00%	""
MCRE11	Títulos e Val. Mob.	8,53	12,68%	14,57%	0,83	951.939.000	3.439.100	1	1.554,61	80,15	5,16%	35,85%	""
MFAI11	Híbrido	69,98	0,00%	1,02%	0,00	0	0	0	0,00	0,00	0,00%	0,00%	""
MFCR11	Híbrido	24,60	0,00%	13,48%	0,00	0	0	0	0,00	0,00	0,00%	0,00%	""
MFII11	Híbrido	80,45	4,12%	16,64%	0,77	479.675.000	808.272	3	8.271,91	0,00	0,00%	0,00%	""
MGCR11	Títulos e Val. Mob.	9,40	11,11%	0,00%	0,96	126.115.000	0	0	0,00	0,00	0,00%	0,00%	""
MGFF11	Títulos e Val. Mob.	69,99	0,00%	0,00%	0,00	0	0	0	0,00	0,00	0,00%	0,00%	""
MGHT11	Híbrido	15,50	1,97%	0,00%	0,57	20.363.700	211.267	1	3.631,37	345,44	9,51%	0,00%	""
MGIM11	Híbrido	101,50	-2,38%	0,00%	1,03	25.101.000	0	0	0,00	0,00	0,00%	0,00%	""
MGLG11	Híbrido	40,99	5,82%	0,00%	0,91	103.703.000	0	6	3.132,38	75,43	2,41%	8,72%	""
MINT11	Outros	96,50	13,23%	15,98%	0,99	50.180.000	0	3	0,00	532,36	0,00%	0,00%	""
MMPD11	Outros	110,61	8,31%	10,06%	0,99	58.678.300	0	0	0,00	0,00	0,00%	0,00%	""
MORC11	Títulos e Val. Mob.	89,87	12,37%	0,00%	0,92	171.455.000	0	0	0,00	0,00	0,00%	0,00%	""
MORE11	Títulos e Val. Mob.	76,21	6,04%	0,00%	0,88	176.740.000	0	0	0,00	0,00	0,00%	0,00%	""
MXRF11	Híbrido	9,41	10,05%	11,98%	0,99	4.115.230.000	10.322.800	2	24.986,60	0,00	0,00%	0,00%	""
NAUI11	Outros	1.100,00	-1,16%	0,00%	3,01	56.908.500	6.987	0	0,00	0,00	0,00%	0,00%	""
NAVT11	Títulos e Val. Mob.	70,01	11,79%	13,81%	0,82	42.865.900	78.177	0	0,00	0,00	0,00%	0,00%	""
NCHB11B	Títulos e Val. Mob.	7,97	15,42%	14,84%	0,82	121.793.000	7.729	0	0,00	0,00	0,00%	0,00%	""
NCRA11	Títulos e Val. Mob.	7,70	21,21%	15,44%	0,73	34.341.600	63.185	0	0,00	0,00	0,00%	0,00%	""
NCRI11	Títulos e Val. Mob.	8,29	15,65%	14,80%	0,83	32.745.500	8.149	0	0,00	0,00	0,00%	0,00%	""
NEWL11	Híbrido	103,00	15,14%	10,96%	0,81	290.193.000	243.548	3	3.142,37	415,52	13,22%	0,00%	""
NEWU11	Híbrido	83,01	5,42%	1,23%	1,07	61.593.400	71.443	3	4.399,82	767,95	17,45%	47,02%	""
NEXG11	Outros	132,50	3,53%	8,31%	1,32	92.551.200	175.330	0	0,00	0,00	0,00%	0,00%	""
NPAR11	Outros	12,82	213,32%	0,00%	0,70	1.533.140	0	0	0,00	0,00	0,00%	0,00%	""
NSLU11	Hospital	168,51	10,88%	11,03%	0,80	217.932.000	263.214	1	8.884,89	1.048,18	11,80%	0,00%	""
NVHO11	Hospital	12,30	15,16%	8,33%	0,74	510.383.000	7.484	4	16.557,00	2.589,45	15,64%	0,00%	""
OBAL11	Residencial	1.095,00	-2,93%	30,58%	0,95	154.701.000	2.389	4	21.573,70	0,14	0,00%	0,00%	""
OCRE11	Títulos e Val. Mob.	94,99	7,94%	8,28%	1,07	40.179.400	36.031	0	0,00	0,00	0,00%	0,00%	""
OGHY11	Títulos e Val. Mob.	8,72	7,32%	0,00%	0,92	23.678.100	0	0	0,00	0,00	0,00%	0,00%	""
OIAG11	Títulos e Val. Mob.	7,65	13,52%	15,98%	0,78	69.102.400	131.677	0	0,00	0,00	0,00%	0,00%	""
ONEF11	Lajes Corporativas	200,03	6,08%	0,00%	1,09	182.227.000	0	0	0,00	0,00	0,00%	0,00%	""
ORPD11	Títulos e Val. Mob.	93,00	0,00%	0,00%	0,66	26.970.000	0	0	0,00	0,00	0,00%	0,00%	""
OUCY11	Híbrido	88,50	0,00%	0,00%	0,00	0	0	8	0,00	161,02	0,00%	0,00%	""
OUFF11	Títulos e Val. Mob.	61,10	0,00%	0,00%	0,00	0	0	0	0,00	0,00	0,00%	0,00%	""
OUJP11	Híbrido	77,40	15,35%	15,37%	0,77	251.735.000	454.319	0	0,00	0,00	0,00%	0,00%	""
OULG11	Logística	39,91	5,75%	2,48%	0,65	99.028.000	1.176.100	2	1.338,44	141,39	10,56%	0,00%	""
OURE11	Híbrido	78,20	0,00%	0,00%	0,00	0	0	8	0,00	161,02	0,00%	0,00%	""
PATA11	Outros	10,80	9,51%	10,51%	1,08	18.381.700	1.556	0	0,00	0,00	0,00%	0,00%	""
PATC11	Lajes Corporativas	37,99	4,54%	4,17%	0,92	132.108.000	281.243	4	16.940,90	1.145,24	6,76%	0,00%	""
PATL11	Logística	55,01	13,07%	12,51%	0,57	274.584.000	904.384	4	1.762,31	272,33	15,45%	8,79%	""
PDDA11B	Logística	106,50	2,16%	0,00%	1,73	264.257.000	0	2	3.571,62	141,39	3,96%	0,00%	""
PEMA11	Títulos e Val. Mob.	39,01	19,24%	19,58%	0,63	21.533.500	536	0	0,00	0,00	0,00%	0,00%	""
PLAG11	Outros	49,49	10,80%	11,00%	0,80	258.429.000	671.907	12	1.868,37	221,89	11,88%	0,00%	""
PLCA11	Títulos e Val. Mob.	70,49	21,71%	11,97%	0,74	39.264.300	82.477	0	0,00	0,00	0,00%	0,00%	""
PLCR11	Títulos e Val. Mob.	79,10	15,54%	12,83%	0,87	166.835.000	354.651	0	0,00	0,00	0,00%	0,00%	""
PLOG11	Logística	66,71	14,54%	0,00%	0,62	50.032.500	0	1	696,98	130,27	18,69%	0,00%	""
PLRI11	Títulos e Val. Mob.	13,95	4,96%	20,97%	0,94	13.312.500	3.254	0	0,00	0,00	0,00%	0,00%	""
PMFO11	""	85,96	8,16%	11,52%	0,98	83.889.000	8.295	0	0,00	0,00	0,00%	0,00%	""
PMIS11	Títulos e Val. Mob.	7,73	12,55%	14,59%	0,83	114.429.000	325.384	0	0,00	0,00	0,00%	0,00%	""
PMLL11	Híbrido	95,58	14,89%	10,22%	0,79	1.336.410.000	1.901.190	11	4.443,96	755,88	17,01%	3,64%	""
PNCR11	Residencial	68,65	-0,34%	12,84%	1,33	34.325.000	0	1	26.989,30	0,00	0,00%	0,00%	""
PNDL11	Títulos e Val. Mob.	1.040,00	-0,29%	0,00%	0,98	150.105.000	38.433	0	0,00	0,00	0,00%	0,00%	""
PNPR11	Híbrido	49,00	5,07%	0,00%	1,34	43.993.000	45.453	0	0,00	0,00	0,00%	0,00%	""
PNRC11	Híbrido	60,00	5,72%	7,56%	1,43	24.606.000	1	3	10.227,50	0,00	0,00%	0,00%	""
PORD11	Títulos e Val. Mob.	8,14	12,93%	13,10%	0,85	303.490.000	381.422	0	0,00	0,00	0,00%	0,00%	""
PQAG11	Logística	55,77	10,27%	9,92%	1,01	780.328.000	530.017	1	12.333,40	1.223,78	9,92%	0,00%	""
PQDP11	Shoppings	2.398,99	10,21%	9,71%	0,72	241.245.000	173.274	1	1.850,33	211,44	11,43%	2,16%	""
PRSN11	Residencial	1,14	-11,54%	31,59%	0,40	3.683.620	113	2	8.649,73	0,00	0,00%	0,00%	""
PRSV11	Lajes Corporativas	36,00	-24,66%	0,00%	0,25	8.163.580	702	1	815,27	0,00	0,00%	100,00%	""
PULV11	Títulos e Val. Mob.	7,87	16,50%	14,20%	0,79	94.441.900	21.104	0	0,00	0,00	0,00%	0,00%	""
PURB11	Híbrido	95,10	11,88%	0,00%	0,82	107.954.000	0	2	19.149,10	2.369,56	12,37%	9,70%	""
PVBI11	Lajes Corporativas	72,56	9,39%	8,76%	0,67	1.968.560.000	3.207.430	7	18.781,70	1.843,03	9,81%	13,29%	""
QAGR11	Outros	41,00	13,19%	12,94%	0,68	206.640.000	149.034	12	1.432,53	217,65	15,19%	0,00%	""
QAMI11	Títulos e Val. Mob.	84,68	24,53%	0,00%	0,91	67.862.400	0	0	0,00	0,00	0,00%	0,00%	""
QIFF11	Títulos e Val. Mob.	97,49	7,63%	0,00%	1,09	14.623.500	0	0	0,00	0,00	0,00%	0,00%	""
QIRI11	Títulos e Val. Mob.	78,04	9,53%	0,00%	0,87	11.706.000	0	0	0,00	0,00	0,00%	0,00%	""
QMFF11	Títulos e Val. Mob.	98,52	7,55%	0,00%	1,10	14.778.000	0	0	0,00	0,00	0,00%	0,00%	""
RBBV11	Títulos e Val. Mob.	100,00	6,51%	0,00%	0,99	125.416.000	0	0	0,00	0,00	0,00%	0,00%	""
RBCO11	Lajes Corporativas	44,00	12,33%	8,39%	0,49	166.276.000	144.616	4	3.812,31	614,84	16,13%	0,00%	""
RBDS11	Residencial	2,25	-68,14%	0,00%	0,12	284.677	153	0	0,00	0,00	0,00%	0,00%	""
RBED11	Outros	94,03	15,89%	14,22%	0,00	221.443.000	0	0	0,00	0,00	0,00%	0,00%	""
RBFF11	Títulos e Val. Mob.	50,30	12,85%	12,06%	0,83	188.586.000	305.752	0	0,00	0,00	0,00%	0,00%	""
RBGS11	Shoppings	28,45	3,30%	0,00%	0,31	30.669.100	0	1	1.051,57	52,68	5,01%	11,94%	""
RBHG11	Títulos e Val. Mob.	67,76	9,54%	14,44%	0,77	146.901.000	290.999	0	0,00	0,00	0,00%	0,00%	""
RBHY11	Títulos e Val. Mob.	74,20	11,41%	16,52%	0,80	140.498.000	339.546	0	0,00	0,00	0,00%	0,00%	""
RBIR11	Residencial	87,96	3,17%	8,16%	0,88	134.457.000	78.728	1	51.609,10	0,00	0,00%	0,00%	""
RBIV11	Títulos e Val. Mob.	83,70	9,92%	0,00%	0,97	181.458.000	0	0	0,00	0,00	0,00%	0,00%	""
RBLG11	Logística	38,00	18,25%	20,74%	0,57	24.327.600	847	1	214,03	28,21	13,18%	0,00%	""
RBOP11	Outros	210,00	5,25%	5,99%	0,31	21.349.400	25.439	2	1.194,18	164,89	13,81%	77,99%	""
RBRD11	""	39,95	13,41%	13,90%	0,62	73.978.800	72.495	5	1.830,97	267,60	14,62%	9,50%	""
RBRF11	Títulos e Val. Mob.	6,56	16,99%	12,46%	0,76	897.458.000	1.791.810	0	0,00	0,00	0,00%	0,00%	""
RBRI11	Híbrido	850,00	49,35%	35,44%	1,07	118.715.000	1.418	0	0,00	0,00	0,00%	0,00%	""
RBRL11	Logística	83,50	8,92%	10,70%	0,80	558.367.000	606.395	5	2.209,11	256,51	11,61%	0,00%	""
RBRM11	Títulos e Val. Mob.	160.000,00	-8,41%	0,00%	8,16	86.240.000	0	0	0,00	0,00	0,00%	0,00%	""
RBRP11	Outros	49,66	6,93%	10,97%	0,65	604.818.000	971.584	6	9.665,09	685,70	7,09%	0,00%	""
RBRR11	Títulos e Val. Mob.	88,10	10,15%	11,92%	0,95	1.326.540.000	3.019.290	0	0,00	0,00	0,00%	0,00%	""
RBRS11	Híbrido	46,20	-1,68%	3,02%	0,48	80.124.600	34.293	3	12.140,10	728,53	6,00%	29,54%	""
RBRX11	Títulos e Val. Mob.	7,84	12,79%	12,69%	0,80	231.034.000	497.140	1	9.199,27	0,00	0,00%	0,00%	""
RBRY11	Títulos e Val. Mob.	93,20	10,80%	12,90%	0,96	1.190.120.000	2.354.060	0	0,00	0,00	0,00%	0,00%	""
RBTS11	Outros	350,02	1,77%	7,53%	0,92	19.784.900	1.539	0	0,00	0,00	0,00%	0,00%	""
RBVA11	Outros	8,35	8,79%	11,95%	0,79	1.303.790.000	2.079.980	82	4.079,84	498,87	12,23%	8,76%	""
RBVO11	Lajes Corporativas	5,33	0,00%	0,00%	0,00	0	0	0	0,00	0,00	0,00%	0,00%	""
RCFF11	Títulos e Val. Mob.	97,89	27,03%	24,76%	0,96	31.638.000	167	0	0,00	0,00	0,00%	0,00%	""
RCRB11	Lajes Corporativas	121,81	8,47%	8,30%	0,61	449.564.000	810.338	9	11.515,90	1.231,94	10,70%	2,30%	""
RCRI11	Híbrido	100,00	52,67%	0,00%	0,10	5.101.200	22.141	0	0,00	0,00	0,00%	0,00%	""
RDES11	Híbrido	58,00	2,54%	0,00%	0,75	43.036.000	0	3	3.089,11	431,09	13,96%	47,02%	""
RDPD11	Títulos e Val. Mob.	22,96	4,47%	0,00%	2,23	172.391.000	0	0	0,00	0,00	0,00%	0,00%	""
RECD11	Títulos e Val. Mob.	8,47	10,43%	10,59%	0,86	46.193.500	1.085	0	0,00	0,00	0,00%	0,00%	""
RECM11	Híbrido	8,74	9,29%	10,95%	0,90	73.420.500	26.912	0	0,00	0,00	0,00%	0,00%	""
RECR11	Títulos e Val. Mob.	81,90	13,43%	14,50%	0,92	2.165.570.000	3.075.310	1	42.479,70	0,00	0,00%	100,02%	""
RECT11	Híbrido	30,00	15,25%	14,25%	0,33	256.305.000	240.581	9	3.374,08	777,81	23,05%	7,30%	""
RECX11	Títulos e Val. Mob.	67,99	10,80%	0,00%	0,94	14.843.100	0	0	0,00	0,00	0,00%	0,00%	""
REIT11	Títulos e Val. Mob.	85,00	10,50%	9,06%	0,28	2.234.740	2	0	0,00	0,00	0,00%	0,00%	""
RELG11	Híbrido	67,96	8,56%	9,93%	0,78	90.696.800	275.298	0	0,00	0,00	0,00%	0,00%	""
RENV11	Híbrido	10,70	0,00%	2,75%	0,00	0	7.992	0	0,00	0,00	0,00%	0,00%	""
RFOF11	Títulos e Val. Mob.	61,24	12,30%	12,95%	0,87	66.026.800	513.909	0	0,00	0,00	0,00%	0,00%	""
RINV11	Títulos e Val. Mob.	102,60	7,86%	12,29%	0,98	336.480.000	393.414	0	0,00	0,00	0,00%	0,00%	""
RMAI11	Híbrido	80,01	7,49%	7,49%	0,75	195.528.000	126.856	2	4.646,35	498,55	10,73%	38,25%	""
RNDP11	Títulos e Val. Mob.	40,50	7,21%	33,51%	0,72	4.352.980	0	0	0,00	0,00	0,00%	0,00%	""
RNGO11	Lajes Corporativas	49,86	9,71%	8,93%	0,60	133.425.000	63.783	4	2.289,80	301,95	13,19%	13,21%	""
ROOF11	Outros	386,40	-12,72%	0,00%	0,94	29.944.100	624	42	1.187,58	0,18	0,02%	0,00%	""
RPRI11	Títulos e Val. Mob.	85,02	13,24%	14,46%	0,87	295.166.000	394.601	0	0,00	0,00	0,00%	0,00%	""
RRCI11	Títulos e Val. Mob.	75,15	12,66%	13,40%	0,83	36.204.000	24.712	0	0,00	0,00	0,00%	0,00%	""
RSPD11	Residencial	1.009,99	6,37%	11,81%	0,96	150.500.000	2.061	1	73.468,90	0,00	0,00%	0,00%	""
RURA11	Títulos e Val. Mob.	8,16	13,14%	11,07%	0,80	1.306.410.000	1.853.120	0	0,00	0,00	0,00%	0,00%	""
RVBI11	Títulos e Val. Mob.	63,00	13,43%	13,65%	0,83	647.389.000	857.957	0	0,00	0,00	0,00%	0,00%	""
RZAG11	Títulos e Val. Mob.	8,71	19,13%	14,28%	0,90	592.632.000	1.442.440	0	0,00	0,00	0,00%	0,00%	""
RZAK11	Títulos e Val. Mob.	81,03	15,55%	16,87%	0,93	713.703.000	1.314.470	0	0,00	0,00	0,00%	0,00%	""
RZAT11	Híbrido	89,81	-58,24%	13,85%	0,89	380.349.000	639.486	11	1.259,45	114,40	9,08%	0,00%	""
RZDM11	Híbrido	550,16	19,74%	0,00%	4,15	88.025.600	0	4	61.028,80	0,00	0,00%	0,00%	""
RZEO11	Outros	193,00	-0,28%	23,65%	0,95	608.514.000	154	36	961,55	208,45	21,68%	0,00%	""
RZLC11	Outros	1.015,59	8,05%	11,87%	1,02	50.779.500	515.647	0	0,00	0,00	0,00%	0,00%	""
RZTR11	Títulos e Val. Mob.	90,82	18,05%	13,32%	0,94	1.712.110.000	2.771.800	17	2,58	0,31	12,14%	24,40%	""
RZZR11	Outros	139,97	8,48%	9,91%	0,79	726.450.000	54.750	10	34,23	3,12	9,11%	0,00%	""
RZZV11	Logística	1.100,00	2,29%	3,68%	0,86	132.810.000	0	1	807,95	18,36	2,27%	0,00%	""
SADI11	Títulos e Val. Mob.	8,66	12,46%	13,09%	0,90	134.116.000	183.366	0	0,00	0,00	0,00%	0,00%	""
SAIC11	Lajes Corporativas	34,04	-2,42%	0,00%	0,61	48.668.300	0	1	4.443,19	70,69	1,59%	100,00%	""
SAPI11	Títulos e Val. Mob.	8,54	13,33%	14,02%	0,86	131.831.000	147.199	0	0,00	0,00	0,00%	0,00%	""
SARE11	Híbrido	4,58	6,05%	5,49%	0,59	422.932.000	3.306.650	2	2.408,87	240,13	9,97%	39,19%	""
SCPF11	Híbrido	2,82	1,18%	0,00%	0,27	11.844.000	3.218	2	2.407,58	675,70	28,07%	27,01%	""
SDIL11	Logística	96,50	5,44%	0,00%	1,00	746.822.000	0	6	1.965,97	251,82	12,81%	0,00%	""
SDIP11	Lajes Corporativas	88,00	1,98%	0,00%	0,89	371.533.000	0	5	11.069,00	1.012,66	9,15%	0,00%	""
SEED11	Híbrido	100,00	10,26%	11,96%	1,12	164.000.000	5	0	0,00	0,00	0,00%	0,00%	""
SEQR11	Outros	47,40	14,96%	14,53%	0,51	78.953.900	78.180	4	1.940,25	369,95	19,07%	0,00%	""
SHDP11B	Shoppings	1.210,05	9,01%	8,75%	0,87	1.439.630.000	0	1	11.108,60	1.143,50	10,29%	2,16%	""
SHOP11	Híbrido	27,00	7,33%	0,00%	0,83	60.810.700	987	1	2.443,11	292,53	11,97%	44,36%	""
SHPH11	Shoppings	989,99	6,02%	8,15%	0,98	602.854.000	97.015	1	15.657,80	1.179,73	7,53%	1,95%	""
SHPP11	""	10,49	0,47%	1,80%	1,02	458.413.000	1.403	0	0,00	0,00	0,00%	0,00%	""
SIGR11	Títulos e Val. Mob.	99,90	3,09%	1,28%	1,03	200.302.000	0	0	0,00	0,00	0,00%	0,00%	""
SJAU11	Logística	15,60	73,89%	0,00%	11,17	123.743.000	1.511	0	0,00	0,00	0,00%	0,00%	""
SMRE11	Outros	80,10	3,69%	15,31%	0,79	83.664.100	251.132	0	0,00	0,00	0,00%	0,00%	""
SNAG11	Híbrido	9,67	11,47%	12,98%	0,95	587.359.000	1.209.640	3	124,22	12,03	9,69%	0,00%	""
SNCI11	Títulos e Val. Mob.	86,20	12,92%	13,75%	0,88	362.040.000	514.846	0	0,00	0,00	0,00%	0,00%	""
SNCR11	""	97,80	13,30%	0,00%	1,02	472.992.000	0	0	0,00	0,00	0,00%	0,00%	""
SNEL11	Híbrido	8,52	4,84%	13,76%	1,05	326.607.000	1.058.340	1	0,00	0,00	6,92%	0,00%	""
SNFF11	Títulos e Val. Mob.	68,60	9,77%	13,26%	0,82	275.816.000	424.979	0	0,00	0,00	0,00%	0,00%	""
SNFZ11	Híbrido	9,58	5,28%	7,21%	0,97	59.396.000	1.035.230	2	39.753,70	613,93	1,54%	0,00%	""
SNLG11	Híbrido	0,99	276,86%	1,00%	3,14	2.504.670	32.431	0	0,00	0,00	0,00%	0,00%	""
SNME11	Híbrido	9,58	12,14%	13,15%	0,99	71.066.800	39.980	0	0,00	0,00	0,00%	0,00%	""
SOFF11	Outros	101,94	-1,61%	4,45%	0,99	32.884.000	121.468	0	0,00	0,00	0,00%	0,00%	""
SOLR11	Híbrido	1.051,35	-2,10%	0,00%	1,13	68.899.200	0	1	7.859,94	0,00	0,00%	0,00%	""
SPDE11	Residencial	1.266,67	12,71%	14,30%	0,95	115.774.000	0	0	0,00	0,00	0,00%	0,00%	""
SPMO11	Híbrido	144,00	-0,13%	0,00%	1,07	261.006.000	0	0	0,00	0,00	0,00%	0,00%	""
SPTW11	Lajes Corporativas	33,71	25,36%	14,76%	0,58	60.610.600	62.706	1	4.234,50	1.156,11	27,30%	0,00%	""
SPXS11	Híbrido	8,33	12,46%	14,16%	0,88	168.175.000	348.849	0	0,00	0,00	0,00%	0,00%	""
SRVD11	Títulos e Val. Mob.	3,00	-0,12%	0,00%	5,53	288.858.000	0	0	0,00	0,00	0,00%	0,00%	""
STRX11	Híbrido	153,61	8,21%	6,37%	1,08	247.859.000	0	2	4.704,95	404,54	8,60%	6,88%	""
TBOF11	Lajes Corporativas	101,50	-0,11%	0,00%	486,34	1.020.080.000	0	1	0,00	0,00	0,00%	15,37%	""
TELM11	Híbrido	9,95	5,57%	7,32%	1,01	21.366.300	3	1	0,00	0,00	0,00%	0,00%	""
TEPP11	Lajes Corporativas	79,38	9,53%	13,09%	0,82	335.140.000	605.782	5	10.145,80	1.055,78	10,41%	0,00%	""
TGAR11	Híbrido	84,62	12,23%	14,78%	0,76	1.994.320.000	4.334.960	5	35,21	1,41	4,00%	0,00%	""
THRA11	Lajes Corporativas	138,50	2,96%	0,00%	14,52	203.973.000	0	0	0,00	0,00	0,00%	0,00%	""
TJKB11	Lajes Corporativas	250,50	7,59%	14,18%	0,97	291.744.000	20.007	8	8.047,49	735,32	9,14%	0,00%	""
TMPS11	Títulos e Val. Mob.	78,87	13,36%	14,81%	0,84	77.211.200	233.529	0	0,00	0,00	0,00%	0,00%	""
TOPP11	Outros	69,88	7,01%	10,49%	0,67	316.433.000	464.355	2	35.383,80	1.327,93	3,75%	19,41%	""
TORD11	Híbrido	3,31	1,90%	3,66%	0,09	19.336.700	23.970	0	0,00	0,00	0,00%	0,00%	""
TOUR11	Residencial	8,80	0,00%	0,00%	0,00	0	0	3	0,00	0,00	0,00%	0,00%	""
TRBL11	Logística	53,50	9,57%	14,25%	0,62	414.041.000	560.302	6	1.188,45	192,57	16,20%	2,52%	""
TRNT11	Lajes Corporativas	99,98	6,14%	0,00%	0,57	393.478.000	19.001	1	6.479,27	612,24	9,45%	34,20%	""
TRXB11	Híbrido	155,00	5,57%	14,06%	1,48	580.633.000	2.766	13	2.223,38	231,79	10,43%	0,00%	""
TRXF11	Híbrido	97,85	11,32%	13,37%	0,94	1.960.480.000	7.849.340	40	3.550,56	236,27	6,65%	0,00%	""
TRXL11	Híbrido	103,38	6,75%	0,00%	1,00	4.471.100.000	0	30	3.406,27	182,66	5,36%	2,89%	""
TRXY11	Híbrido	9,64	4,45%	9,55%	1,03	34.797.700	72.457	0	0,00	0,00	0,00%	0,00%	""
TSER11	Lajes Corporativas	100,80	11,55%	12,57%	1,03	139.584.000	2	1	2.859,96	253,61	8,87%	0,00%	""
TSNC11	Híbrido	82,72	3,38%	0,00%	1,03	89.898.400	23	1	7.162,44	-5,27	-0,07%	100,00%	""
TVRI11	Lajes Corporativas	90,71	10,21%	13,21%	0,87	1.444.080.000	1.968.850	61	3.413,47	483,66	14,17%	2,83%	""
UBSR11	Títulos e Val. Mob.	102,50	10,46%	0,00%	1,14	2.710.270.000	0	1	52.387,30	0,00	0,00%	100,02%	""
URHF11	""	87,00	24,64%	17,27%	0,91	9.606.280	5.912	0	0,00	0,00	0,00%	0,00%	""
URPR11	Outros	33,90	17,93%	26,18%	0,34	397.779.000	1.148.730	0	0,00	0,00	0,00%	0,00%	""
VCJR11	Títulos e Val. Mob.	79,39	14,38%	14,42%	0,84	1.168.940.000	2.622.260	0	0,00	0,00	0,00%	0,00%	""
VCRA11	Títulos e Val. Mob.	60,31	21,81%	16,36%	0,59	277.059.000	519.684	0	0,00	0,00	0,00%	0,00%	""
VCRI11	Títulos e Val. Mob.	7,03	11,88%	15,16%	0,75	144.422.000	265.565	0	0,00	0,00	0,00%	0,00%	""
VCRR11	Logística	62,70	9,91%	10,27%	0,49	125.400.000	300.916	4	2.181,29	553,29	25,37%	0,00%	""
VERE11	Outros	445,76	6,75%	6,73%	0,90	284.326.000	0	3	2.840,91	341,83	12,03%	28,37%	""
VGHF11	Títulos e Val. Mob.	7,57	12,07%	14,09%	0,88	1.246.940.000	2.710.180	0	0,00	0,00	0,00%	0,00%	""
VGIA11	Títulos e Val. Mob.	9,16	13,57%	15,32%	0,95	791.929.000	1.494.280	0	0,00	0,00	0,00%	0,00%	""
VGII11	Outros	101,41	11,83%	6,49%	1,04	52.618.100	34.251	0	0,00	0,00	0,00%	0,00%	""
VGIP11	Títulos e Val. Mob.	82,37	12,22%	14,18%	0,92	970.916.000	1.754.230	0	0,00	0,00	0,00%	0,00%	""
VGIR11	Títulos e Val. Mob.	9,60	11,92%	13,68%	0,98	1.402.570.000	5.588.510	0	0,00	0,00	0,00%	0,00%	""
VGRI11	Títulos e Val. Mob.	8,36	16,39%	19,36%	0,79	292.782.000	460.483	5	5.265,84	920,99	17,49%	20,64%	""
VHFA11	Outros	10,20	12,47%	7,73%	1,00	96.698.600	28	0	0,00	0,00	0,00%	0,00%	""
VIFI11	Títulos e Val. Mob.	7,53	11,66%	6,56%	0,94	60.911.600	0	0	0,00	0,00	0,00%	0,00%	""
VILG11	Logística	79,50	9,31%	9,81%	0,71	1.192.290.000	1.638.460	15	2.099,44	234,61	11,17%	3,04%	""
VINO11	Lajes Corporativas	5,01	10,77%	12,53%	0,49	414.960.000	515.844	10	6.206,02	1.040,53	16,77%	7,82%	""
VISC11	Shoppings	101,39	9,29%	9,44%	0,82	2.922.940.000	3.479.380	30	2.788,45	280,72	10,07%	5,31%	""
VIUR11	Outros	5,24	15,71%	15,15%	0,60	141.198.000	307.292	7	2.057,65	329,31	16,00%	3,14%	""
VJFD11	Híbrido	155,02	6,09%	5,06%	0,95	755.898.000	0	39	789,24	50,56	6,41%	0,00%	""
VLOL11	Lajes Corporativas	98,00	6,78%	0,00%	0,88	174.913.000	0	0	0,00	0,00	0,00%	0,00%	""
VOTS11	Títulos e Val. Mob.	70,81	14,86%	10,90%	0,77	58.624.500	6.711	0	0,00	0,00	0,00%	0,00%	""
VPSI11	Shoppings	25,00	11,09%	10,77%	0,81	201.797.000	0	16	1.639,99	185,68	11,32%	0,00%	""
VRTA11	Títulos e Val. Mob.	75,85	13,42%	13,04%	0,90	1.182.690.000	1.270.500	0	0,00	0,00	0,00%	0,00%	""
VRTM11	Híbrido	6,80	10,51%	15,46%	0,73	319.404.000	434.366	24	4.235,12	0,00	0,00%	0,00%	""
VSEC11	Títulos e Val. Mob.	0,21	700,84%	0,00%	0,07	13.174	0	0	0,00	0,00	0,00%	0,00%	""
VSHO11	Shoppings	71,02	12,20%	11,42%	0,61	149.057.000	24.141	3	1.681,32	386,08	22,96%	10,21%	""
VSLH11	Outros	2,62	10,60%	15,50%	0,26	78.243.900	104.043	0	0,00	0,00	0,00%	0,00%	""
VTLT11	Logística	85,17	13,40%	13,39%	0,82	180.135.000	1.355.850	1	703,50	107,20	15,24%	0,00%	""
VTPL11	Híbrido	72,10	-0,73%	0,00%	0,71	99.948.000	0	1	2.734,82	0,00	0,00%	0,00%	""
VVCR11	Títulos e Val. Mob.	10,00	10,67%	11,77%	0,97	75.083.300	72.452	0	0,00	0,00	0,00%	0,00%	""
VVMR11	Híbrido	85,50	2,49%	2,75%	0,80	241.382.000	510.518	5	6.874,84	472,18	6,87%	2,83%	""
VVPR11	Híbrido	101,50	8,99%	0,00%	1,04	234.036.000	0	6	5.334,39	526,70	9,87%	0,00%	""
VVRI11	Híbrido	88,99	8,25%	9,86%	0,95	71.430.800	34.642	2	2.703,43	424,74	15,71%	0,00%	""
VXXV11	Outros	700,00	-0,78%	0,00%	1,14	193.512.000	44.625	1	92,38	3,40	3,68%	90,00%	""
WHGR11	Híbrido	8,67	13,17%	12,94%	0,89	268.010.000	328.092	1	6.041,64	0,00	0,00%	0,00%	""
WPLZ11	Shoppings	49,46	8,14%	9,64%	0,74	57.868.200	6.442	1	1.545,32	139,09	9,00%	10,22%	""
WSEC11	Títulos e Val. Mob.	7,34	13,76%	10,09%	0,88	18.030.800	19.159	0	0,00	0,00	0,00%	0,00%	""
WTSP11	Híbrido	55,40	23,80%	20,07%	0,66	68.616.900	280	1	5.561,90	325,76	5,86%	4,14%	""
XPCA11	Títulos e Val. Mob.	7,83	13,19%	12,78%	0,82	356.446.000	715.377	0	0,00	0,00	0,00%	0,00%	""
XPCI11	Títulos e Val. Mob.	80,81	11,77%	12,68%	0,90	703.172.000	1.506.330	0	0,00	0,00	0,00%	0,00%	""
XPCM11	Lajes Corporativas	7,34	-11,32%	0,00%	0,28	17.722.900	22.222	1	921,12	27,97	3,04%	56,72%	""
XPHT11	Hotel	123,00	3,07%	0,00%	1,78	1.133.880.000	0	14	19.789,30	692,37	3,50%	0,00%	""
XPIN11	Outros	66,87	8,28%	12,96%	0,64	478.149.000	296.286	81	1.858,76	242,13	13,03%	6,01%	""
XPLG11	Logística	96,30	8,33%	9,92%	0,90	3.002.240.000	3.056.460	17	2.873,18	258,17	8,99%	1,34%	""
XPML11	Shoppings	101,02	9,97%	10,83%	0,86	5.729.930.000	10.396.400	15	11.633,10	1.015,66	8,73%	4,57%	""
XPPR11	Outros	12,54	5,72%	2,78%	0,31	91.744.800	0	2	2.498,33	424,06	16,97%	43,94%	""
XPSF11	Títulos e Val. Mob.	5,94	14,15%	13,01%	0,77	257.215.000	389.547	0	0,00	0,00	0,00%	0,00%	""
XTED11	Lajes Corporativas	8,82	9,73%	0,00%	0,61	87.318.000	0	4	3.740,56	408,88	10,93%	0,00%	""
YCHY11	Híbrido	1.000,00	-5,29%	0,00%	9,89	4.235.040.000	0	12	12.634,40	99,19	0,79%	0,00%	""
YUFI11	Residencial	59,50	3,73%	2,74%	1,30	29.312.700	0	38	852,48	223,02	26,16%	0,00%	""
ZAGH11	Híbrido	10,04	5,43%	7,41%	1,06	89.272.300	4.335	1	2.452,33	81,00	3,30%	0,00%	""
ZAVC11	Títulos e Val. Mob.	8,84	12,84%	17,25%	0,88	31.668.600	19.854	0	0,00	0,00	0,00%	0,00%	""
ZAVI11	Híbrido	85,24	18,34%	15,79%	0,63	100.014.000	63.208	9	1.365,94	223,78	16,38%	0,83%	""
ZIFI11	Híbrido	515,00	-2,71%	0,00%	0,29	24.454.800	12.549	0	0,00	0,00	0,00%	0,00%	""
